date,value,value1
2016-12-06,1.81,11.81
2016-11-06,1.93,11.93
2016-10-06,1.89,11.89
2016-09-06,1.87,11.87
2016-08-06,1.98,11.98
2016-07-06,1.83,11.83
2016-06-06,1.76,11.76
2016-05-06,1.93,11.93
2016-04-06,2.09,12.09
2016-03-06,2.3,12.3
2016-02-06,2.35,12.35
2016-01-06,2.17,12.17
2015-12-06,2.17,12.17
2015-11-06,2.04,12.04
2015-10-06,2.06,12.06
2015-09-06,1.81,11.81
2015-08-06,1.78,11.78
2015-07-06,1.71,11.71
2015-06-06,1.78,11.78
2015-05-06,1.78,11.78
2015-04-06,1.74,11.74
2015-03-06,1.9,11.9
2015-02-06,1.86,11.86
2015-01-06,1.81,11.81
2014-12-06,1.79,11.79
2014-11-06,1.67,11.67
2014-10-06,1.85,11.85
2014-09-06,1.9,11.9
2014-08-06,1.82,11.82
2014-07-06,1.57,11.57
2014-06-06,1.66,11.66
2014-05-06,1.87,11.87
2014-04-06,1.78,11.78
2014-03-06,1.77,11.77
2014-02-06,1.51,11.51
2014-01-06,1.73,11.73
2013-12-06,1.67,11.67
2013-11-06,1.81,11.81
2013-10-06,1.69,11.69
2013-09-06,1.78,11.78
2013-08-06,1.66,11.66
2013-07-06,1.59,11.59
2013-06-06,1.65,11.65
2013-05-06,1.61,11.61
2013-04-06,1.52,11.52
2013-03-06,1.66,11.66
2013-02-06,1.55,11.55
2013-01-06,1.68,11.68
2012-12-06,1.53,11.53
2012-11-06,1.75,11.75
2012-10-06,1.78,11.78
2012-09-06,1.76,11.76
2012-08-06,1.63,11.63
2012-07-06,1.57,11.57
2012-06-06,1.62,11.62
2012-05-06,1.76,11.76
2012-04-06,1.69,11.69
2012-03-06,1.58,11.58
2012-02-06,1.49,11.49
2012-01-06,1.46,11.46
2011-12-06,1.54,11.54
2011-11-06,1.56,11.56
2011-10-06,1.66,11.66
2011-09-06,1.56,11.56
2011-08-06,1.73,11.73
2011-07-06,1.73,11.73
2011-06-06,1.59,11.59
2011-05-06,1.53,11.53
2011-04-06,1.65,11.65
2011-03-06,1.64,11.64
2011-02-06,1.53,11.53
2011-01-06,1.51,11.51
2010-12-06,1.49,11.49
2010-11-06,1.79,11.79
2010-10-06,1.71,11.71
2010-09-06,1.61,11.61
2010-08-06,1.65,11.65
2010-07-06,1.62,11.62
2010-06-06,1.64,11.64
2010-05-06,1.75,11.75
2010-04-06,1.87,11.87
2010-03-06,1.92,11.92
2010-02-06,1.78,11.78
2010-01-06,1.73,11.73
2009-12-06,1.65,11.65
2009-11-06,1.77,11.77
2009-10-06,1.64,11.64
2009-09-06,1.7,11.7
2009-08-06,1.66,11.66
2009-07-06,1.72,11.72
2009-06-06,1.65,11.65
2009-05-06,1.65,11.65
2009-04-06,1.61,11.61
2009-03-06,1.53,11.53
2009-02-06,1.53,11.53
2009-01-06,1.62,11.62
2008-12-06,1.54,11.54
2008-11-06,1.66,11.66
2008-10-06,1.67,11.67
2008-09-06,1.65,11.65
2008-08-06,1.44,11.44
2008-07-06,1.6,11.6
2008-06-06,1.48,11.48
2008-05-06,1.51,11.51
2008-04-06,1.53,11.53
2008-03-06,1.73,11.73
2008-02-06,1.36,11.36
2008-01-06,1.24,11.24
2007-12-06,1.5,11.5
2007-11-06,1.57,11.57
2007-10-06,1.6,11.6
2007-09-06,1.64,11.64
2007-08-06,1.6,11.6
2007-07-06,1.62,11.62
2007-06-06,1.58,11.58
2007-05-06,1.67,11.67
2007-04-06,1.76,11.76
2007-03-06,1.7,11.7
2007-02-06,1.7,11.7
2007-01-06,1.96,11.96
2006-12-06,1.77,11.77
2006-11-06,1.72,11.72
2006-10-06,1.69,11.69
2006-09-06,1.64,11.64
2006-08-06,1.72,11.72
2006-07-06,1.54,11.54
2006-06-06,1.64,11.64
2006-05-06,1.47,11.47
2006-04-06,1.5,11.5
2006-03-06,1.63,11.63
2006-02-06,1.7,11.7
2006-01-06,1.57,11.57
2005-12-06,1.68,11.68
2005-11-06,1.76,11.76
2005-10-06,1.8,11.8
2005-09-06,1.78,11.78
2005-08-06,1.63,11.63
2005-07-06,1.66,11.66
2005-06-06,1.67,11.67
2005-05-06,1.65,11.65
2005-04-06,1.69,11.69
2005-03-06,1.69,11.69
2005-02-06,1.58,11.58
2005-01-06,1.72,11.72
2004-12-06,1.52,11.52
2004-11-06,1.72,11.72
2004-10-06,1.66,11.66
2004-09-06,1.53,11.53
2004-08-06,1.45,11.45
2004-07-06,1.26,11.26
2004-06-06,1.43,11.43
2004-05-06,1.42,11.42
2004-04-06,1.62,11.62
2004-03-06,1.64,11.64
2004-02-06,1.71,11.71
2004-01-06,1.59,11.59
2003-12-06,1.75,11.75
2003-11-06,1.55,11.55
2003-10-06,1.75,11.75
2003-09-06,1.66,11.66
2003-08-06,1.66,11.66
2003-07-06,1.55,11.55
2003-06-06,1.49,11.49
2003-05-06,1.62,11.62
2003-04-06,1.55,11.55
2003-03-06,1.57,11.57
2003-02-06,1.55,11.55
2003-01-06,1.73,11.73
2002-12-06,1.43,11.43
2002-11-06,1.59,11.59
2002-10-06,1.57,11.57
2002-09-06,1.65,11.65
2002-08-06,1.55,11.55
2002-07-06,1.62,11.62
2002-06-06,1.54,11.54
2002-05-06,1.65,11.65
2002-04-06,1.58,11.58
2002-03-06,1.91,11.91
2002-02-06,1.76,11.76
2002-01-06,1.75,11.75
2001-12-06,1.55,11.55
2001-11-06,1.7,11.7
2001-10-06,1.52,11.52
2001-09-06,1.56,11.56
2001-08-06,1.49,11.49
2001-07-06,1.61,11.61
2001-06-06,1.55,11.55
2001-05-06,1.59,11.59
2001-04-06,1.52,11.52
2001-03-06,1.58,11.58
2001-02-06,1.46,11.46
2001-01-06,1.44,11.44
2000-12-06,1.3,11.3
2000-11-06,1.34,11.34
2000-10-06,1.3,11.3
2000-09-06,1.42,11.42
2000-08-06,1.43,11.43
2000-07-06,1.42,11.42
2000-06-06,1.44,11.44
2000-05-06,1.4,11.4
2000-04-06,1.59,11.59
2000-03-06,1.6,11.6
2000-02-06,1.58,11.58
2000-01-06,1.26,11.26
1999-12-06,1.46,11.46
1999-11-06,1.42,11.42
1999-10-06,1.43,11.43
1999-09-06,1.43,11.43
1999-08-06,1.34,11.34
1999-07-06,1.41,11.41
1999-06-06,1.37,11.37
1999-05-06,1.33,11.33
1999-04-06,1.34,11.34
1999-03-06,1.34,11.34
1999-02-06,1.66,11.66
1999-01-06,1.48,11.48
1998-12-06,1.56,11.56
1998-11-06,1.5,11.5
1998-10-06,1.47,11.47
1998-09-06,1.45,11.45
1998-08-06,1.68,11.68
1998-07-06,1.71,11.71
1998-06-06,1.78,11.78
1998-05-06,1.71,11.71
1998-04-06,1.64,11.64
1998-03-06,1.63,11.63
1998-02-06,1.9,11.9
1998-01-06,1.61,11.61
1997-12-06,1.6,11.6
1997-11-06,1.66,11.66
1997-10-06,1.64,11.64
1997-09-06,1.56,11.56
1997-08-06,1.43,11.43
1997-07-06,1.35,11.35
1997-06-06,1.55,11.55
1997-05-06,1.39,11.39
1997-04-06,1.38,11.38
1997-03-06,1.52,11.52
1997-02-06,1.37,11.37
1997-01-06,1.33,11.33
1996-12-06,1.41,11.41
1996-11-06,1.42,11.42
1996-10-06,1.2,11.2
1996-09-06,1.27,11.27
1996-08-06,1.49,11.49
1996-07-06,1.37,11.37
1996-06-06,1.27,11.27
1996-05-06,1.3,11.3
1996-04-06,1.38,11.38
1996-03-06,1.34,11.34
1996-02-06,1.5,11.5
1996-01-06,1.27,11.27
1995-12-06,1.3,11.3
1995-11-06,1.45,11.45
1995-10-06,1.49,11.49
1995-09-06,1.34,11.34
1995-08-06,1.48,11.48
1995-07-06,1.49,11.49
1995-06-06,1.45,11.45
1995-05-06,1.29,11.29
1995-04-06,1.47,11.47
1995-03-06,1.45,11.45
1995-02-06,1.77,11.77
1995-01-06,1.5,11.5
1994-12-06,1.36,11.36
1994-11-06,1.46,11.46
1994-10-06,1.42,11.42
1994-09-06,1.32,11.32
1994-08-06,1.23,11.23
1994-07-06,1.32,11.32
1994-06-06,1.42,11.42
1994-05-06,1.29,11.29
1994-04-06,1.41,11.41
1994-03-06,1.26,11.26
1994-02-06,1.04,11.04
1994-01-06,1.3,11.3
1993-12-06,1.19,11.19
1993-11-06,1.07,11.07
1993-10-06,1.24,11.24
1993-09-06,1.11,11.11
1993-08-06,1.13,11.13
1993-07-06,1.28,11.28
1993-06-06,1.24,11.24
1993-05-06,1.26,11.26
1993-04-06,1.28,11.28
1993-03-06,1.36,11.36
1993-02-06,1.39,11.39
1993-01-06,1.37,11.37
1992-12-06,1.22,11.22
1992-11-06,1.04,11.04
1992-10-06,1.11,11.11
1992-09-06,1.01,11.01
1992-08-06,1.1,11.1
1992-07-06,1.13,11.13
1992-06-06,1.24,11.24
1992-05-06,1.32,11.32
1992-04-06,1.24,11.24
1992-03-06,1.47,11.47
1992-02-06,1.42,11.42
1992-01-06,1.45,11.45
1991-12-06,1.33,11.33
1991-11-06,1.31,11.31
1991-10-06,1.32,11.32
1991-09-06,1.5,11.5
1991-08-06,1.42,11.42
1991-07-06,1.51,11.51
1991-06-06,1.54,11.54
1991-05-06,1.39,11.39
1991-04-06,1.53,11.53
1991-03-06,1.36,11.36
1991-02-06,1.51,11.51
1991-01-06,1.42,11.42
1990-12-06,1.42,11.42
1990-11-06,1.46,11.46
1990-10-06,1.43,11.43
1990-09-06,1.3,11.3
1990-08-06,1.3,11.3
1990-07-06,1.44,11.44
1990-06-06,1.38,11.38
1990-05-06,1.46,11.46
1990-04-06,1.55,11.55
1990-03-06,1.76,11.76
1990-02-06,1.41,11.41
1990-01-06,1.41,11.41
1989-12-06,1.37,11.37
1989-11-06,1.21,11.21
1989-10-06,1.32,11.32
1989-09-06,1.37,11.37
1989-08-06,1.36,11.36
1989-07-06,1.34,11.34
1989-06-06,1.15,11.15
1989-05-06,1.17,11.17
1989-04-06,1.33,11.33
1989-03-06,1.36,11.36
1989-02-06,1.35,11.35
1989-01-06,1.16,11.16
1988-12-06,1.34,11.34
1988-11-06,1.13,11.13
1988-10-06,1.4,11.4
1988-09-06,1.42,11.42
1988-08-06,1.46,11.46
1988-07-06,1.35,11.35
1988-06-06,1.42,11.42
1988-05-06,1.44,11.44
1988-04-06,1.45,11.45
1988-03-06,1.49,11.49
1988-02-06,1.42,11.42
1988-01-06,1.57,11.57
1987-12-06,1.47,11.47
1987-11-06,1.25,11.25
1987-10-06,1.32,11.32
1987-09-06,1.39,11.39
1987-08-06,1.28,11.28
1987-07-06,1.46,11.46
1987-06-06,1.36,11.36
1987-05-06,1.26,11.26
1987-04-06,1.24,11.24
1987-03-06,1.17,11.17
1987-02-06,1.46,11.46
1987-01-06,1.36,11.36
1986-12-06,1.16,11.16
1986-11-06,1.11,11.11
1986-10-06,1.14,11.14
1986-09-06,1.02,11.02
1986-08-06,1.12,11.12
1986-07-06,1.13,11.13
1986-06-06,1.12,11.12
1986-05-06,1.26,11.26
1986-04-06,1.26,11.26
1986-03-06,1.29,11.29
1986-02-06,1.39,11.39
1986-01-06,1.3,11.3
1985-12-06,1.15,11.15
1985-11-06,1.09,11.09
1985-10-06,1.11,11.11
1985-09-06,1.14,11.14
1985-08-06,1.15,11.15
1985-07-06,1,11
1985-06-06,1.17,11.17
1985-05-06,1.17,11.17
1985-04-06,1.11,11.11
1985-03-06,1.17,11.17
1985-02-06,0.94,10.94
1985-01-06,1.21,11.21
1984-12-06,0.94,10.94
1984-11-06,1.04,11.04
1984-10-06,1.15,11.15
1984-09-06,1.2,11.2
1984-08-06,1.15,11.15
1984-07-06,1.16,11.16
1984-06-06,1.04,11.04
1984-05-06,1.33,11.33
1984-04-06,1.08,11.08
1984-03-06,1.29,11.29
1984-02-06,1.17,11.17
1984-01-06,1.3,11.3
1983-12-06,1.17,11.17
1983-11-06,1.3,11.3
1983-10-06,1.15,11.15
1983-09-06,1.38,11.38
1983-08-06,1.3,11.3
1983-07-06,1.15,11.15
1983-06-06,1.18,11.18
1983-05-06,1.35,11.35
1983-04-06,1.3,11.3
1983-03-06,1.42,11.42
1983-02-06,1.4,11.4
1983-01-06,1.52,11.52
1982-12-06,1.43,11.43
1982-11-06,1.14,11.14
1982-10-06,1.13,11.13
1982-09-06,1.15,11.15
1982-08-06,1.08,11.08
1982-07-06,1.13,11.13
1982-06-06,1.05,11.05
1982-05-06,1.16,11.16
1982-04-06,1.1,11.1
1982-03-06,0.99,10.99
1982-02-06,1.14,11.14
1982-01-06,1.09,11.09
1981-12-06,1.4,11.4
1981-11-06,1.21,11.21
1981-10-06,1.13,11.13
1981-09-06,1.17,11.17
1981-08-06,1.35,11.35
1981-07-06,1.35,11.35
1981-06-06,1.31,11.31
1981-05-06,1.25,11.25
1981-04-06,1.32,11.32
1981-03-06,1.48,11.48
1981-02-06,1.41,11.41
1981-01-06,1.56,11.56
1980-12-06,1.21,11.21
1980-11-06,1.3,11.3
1980-10-06,1.2,11.2
1980-09-06,1.21,11.21
1980-08-06,1.24,11.24
1980-07-06,1.28,11.28
1980-06-06,1.16,11.16
1980-05-06,1.34,11.34
1980-04-06,1.32,11.32
1980-03-06,1.29,11.29
1980-02-06,1.42,11.42
1980-01-06,1.3,11.3
1979-12-06,1.47,11.47
1979-11-06,1.29,11.29
1979-10-06,1.26,11.26
1979-09-06,1.27,11.27
1979-08-06,1.14,11.14
1979-07-06,1.03,11.03
1979-06-06,1.14,11.14
1979-05-06,1.06,11.06
1979-04-06,1.13,11.13
1979-03-06,1.19,11.19
1979-02-06,0.91,10.91
1979-01-06,1.14,11.14
1978-12-06,1.11,11.11
1978-11-06,1.16,11.16
1978-10-06,1,11
1978-09-06,1.05,11.05
1978-08-06,0.82,10.82
1978-07-06,1.07,11.07
1978-06-06,0.97,10.97
1978-05-06,1.07,11.07
1978-04-06,1.15,11.15
1978-03-06,1.21,11.21
1978-02-06,1.14,11.14
1978-01-06,1.08,11.08
1977-12-06,1.05,11.05
1977-11-06,1.2,11.2
1977-10-06,1.04,11.04
1977-09-06,1.02,11.02
1977-08-06,1.19,11.19
1977-07-06,1.23,11.23
1977-06-06,1.25,11.25
1977-05-06,1.3,11.3
1977-04-06,1.27,11.27
1977-03-06,1.25,11.25
1977-02-06,1.2,11.2
1977-01-06,1.18,11.18
1976-12-06,1.09,11.09
1976-11-06,0.94,10.94
1976-10-06,0.74,10.74
1976-09-06,0.91,10.91
1976-08-06,0.82,10.82
1976-07-06,0.88,10.88
1976-06-06,0.85,10.85
1976-05-06,0.77,10.77
1976-04-06,0.9,10.9
1976-03-06,0.79,10.79
1976-02-06,0.94,10.94
1976-01-06,1,11
1975-12-06,0.83,10.83
1975-11-06,0.84,10.84
1975-10-06,0.91,10.91
1975-09-06,0.97,10.97
1975-08-06,0.8,10.8
1975-07-06,0.97,10.97
1975-06-06,0.98,10.98
1975-05-06,1.16,11.16
1975-04-06,1.06,11.06
1975-03-06,1.14,11.14
1975-02-06,1.07,11.07
1975-01-06,1.07,11.07
1974-12-06,0.91,10.91
1974-11-06,0.93,10.93
1974-10-06,0.93,10.93
1974-09-06,0.88,10.88
1974-08-06,1.12,11.12
1974-07-06,0.97,10.97
1974-06-06,0.95,10.95
1974-05-06,0.99,10.99
1974-04-06,0.9,10.9
1974-03-06,0.95,10.95
1974-02-06,0.72,10.72
1974-01-06,0.86,10.86
1973-12-06,0.94,10.94
1973-11-06,1.06,11.06
1973-10-06,1.12,11.12
1973-09-06,1.06,11.06
1973-08-06,1.02,11.02
1973-07-06,1.09,11.09
1973-06-06,1.16,11.16
1973-05-06,1.26,11.26
1973-04-06,1.25,11.25
1973-03-06,1.26,11.26
1973-02-06,1.3,11.3
1973-01-06,1.28,11.28
1972-12-06,1.18,11.18
1972-11-06,1.03,11.03
1972-10-06,1.09,11.09
1972-09-06,1.03,11.03
1972-08-06,1.18,11.18
1972-07-06,1.02,11.02
1972-06-06,1.04,11.04
1972-05-06,0.97,10.97
1972-04-06,0.99,10.99
1972-03-06,1.02,11.02
1972-02-06,0.83,10.83
1972-01-06,0.76,10.76
1971-12-06,0.92,10.92
1971-11-06,0.96,10.96
1971-10-06,0.95,10.95
1971-09-06,0.99,10.99
1971-08-06,0.97,10.97
1971-07-06,0.88,10.88
1971-06-06,0.82,10.82
1971-05-06,0.94,10.94
1971-04-06,0.91,10.91
1971-03-06,0.82,10.82
1971-02-06,0.8,10.8
1971-01-06,0.98,10.98
1970-12-06,0.87,10.87
1970-11-06,1.01,11.01
1970-10-06,1.05,11.05
1970-09-06,1.11,11.11
1970-08-06,0.89,10.89
1970-07-06,0.96,10.96
1970-06-06,0.97,10.97
1970-05-06,0.95,10.95
1970-04-06,1.09,11.09
1970-03-06,1.08,11.08
1970-02-06,1.22,11.22
1970-01-06,1.09,11.09
1969-12-06,1.27,11.27
1969-11-06,1.12,11.12
1969-10-06,1.11,11.11
1969-09-06,1.1,11.1
1969-08-06,1.03,11.03
1969-07-06,0.99,10.99
1969-06-06,1.05,11.05
1969-05-06,1.2,11.2
1969-04-06,1.19,11.19
1969-03-06,1,11
1969-02-06,0.86,10.86
1969-01-06,0.89,10.89
1968-12-06,0.86,10.86
1968-11-06,0.96,10.96
1968-10-06,1.12,11.12
1968-09-06,0.82,10.82
1968-08-06,0.89,10.89
1968-07-06,0.89,10.89
1968-06-06,0.94,10.94
1968-05-06,0.9,10.9
1968-04-06,0.95,10.95
1968-03-06,1.21,11.21
1968-02-06,0.85,10.85
1968-01-06,0.77,10.77
1967-12-06,0.98,10.98
1967-11-06,0.94,10.94
1967-10-06,1.06,11.06
1967-09-06,0.96,10.96
1967-08-06,1.02,11.02
1967-07-06,1.01,11.01
1967-06-06,0.92,10.92
1967-05-06,1.14,11.14
1967-04-06,0.95,10.95
1967-03-06,1.03,11.03
1967-02-06,0.8,10.8
1967-01-06,0.94,10.94
1966-12-06,0.94,10.94
1966-11-06,0.98,10.98
1966-10-06,0.85,10.85
1966-09-06,0.99,10.99
1966-08-06,0.9,10.9
1966-07-06,1.09,11.09
1966-06-06,1.02,11.02
1966-05-06,0.9,10.9
1966-04-06,0.87,10.87
1966-03-06,1.04,11.04
1966-02-06,1,11
1966-01-06,0.84,10.84
1965-12-06,0.95,10.95
1965-11-06,0.94,10.94
1965-10-06,0.96,10.96
1965-09-06,0.85,10.85
1965-08-06,0.99,10.99
1965-07-06,0.88,10.88
1965-06-06,0.92,10.92
1965-05-06,0.86,10.86
1965-04-06,0.8,10.8
1965-03-06,0.89,10.89
1965-02-06,0.83,10.83
1965-01-06,0.91,10.91
1964-12-06,0.7,10.7
1964-11-06,0.79,10.79
1964-10-06,0.7,10.7
1964-09-06,0.72,10.72
1964-08-06,0.8,10.8
1964-07-06,0.93,10.93
1964-06-06,0.93,10.93
1964-05-06,0.75,10.75
1964-04-06,0.7,10.7
1964-03-06,0.78,10.78
1964-02-06,0.88,10.88
1964-01-06,0.94,10.94
1963-12-06,1,11
1963-11-06,1.15,11.15
1963-10-06,1.15,11.15
1963-09-06,1.2,11.2
1963-08-06,1.25,11.25
1963-07-06,1.08,11.08
1963-06-06,1.03,11.03
1963-05-06,0.91,10.91
1963-04-06,0.95,10.95
1963-03-06,0.87,10.87
1963-02-06,1.19,11.19
1963-01-06,0.97,10.97
1962-12-06,0.99,10.99
1962-11-06,1.06,11.06
1962-10-06,0.97,10.97
1962-09-06,0.99,10.99
1962-08-06,0.98,10.98
1962-07-06,0.98,10.98
1962-06-06,1.06,11.06
1962-05-06,0.94,10.94
1962-04-06,1.05,11.05
1962-03-06,1.12,11.12
1962-02-06,1.14,11.14
1962-01-06,1.08,11.08
1961-12-06,0.85,10.85
1961-11-06,1.03,11.03
1961-10-06,1,11
1961-09-06,1.05,11.05
1961-08-06,1.02,11.02
1961-07-06,0.97,10.97
1961-06-06,1.12,11.12
1961-05-06,1.13,11.13
1961-04-06,1.15,11.15
1961-03-06,1.09,11.09
1961-02-06,1.18,11.18
1961-01-06,1.07,11.07
1960-12-06,1.18,11.18
1960-11-06,0.89,10.89
1960-10-06,1.07,11.07
1960-09-06,1.05,11.05
1960-08-06,0.99,10.99
1960-07-06,0.98,10.98
1960-06-06,1.01,11.01
1960-05-06,0.92,10.92
1960-04-06,0.84,10.84
1960-03-06,0.64,10.64
1960-02-06,1.14,11.14
1960-01-06,0.99,10.99
1959-12-06,0.97,10.97
1959-11-06,0.91,10.91
1959-10-06,0.91,10.91
1959-09-06,0.94,10.94
1959-08-06,0.99,10.99
1959-07-06,1.06,11.06
1959-06-06,1.02,11.02
1959-05-06,1.06,11.06
1959-04-06,1.16,11.16
1959-03-06,1.19,11.19
1959-02-06,1.09,11.09
1959-01-06,1.06,11.06
1958-12-06,1.01,11.01
1958-11-06,1.02,11.02
1958-10-06,1.04,11.04
1958-09-06,0.97,10.97
1958-08-06,0.94,10.94
1958-07-06,1.06,11.06
1958-06-06,0.95,10.95
1958-05-06,1.08,11.08
1958-04-06,1.01,11.01
1958-03-06,1.1,11.1
1958-02-06,1.24,11.24
1958-01-06,1.39,11.39
1957-12-06,1.16,11.16
1957-11-06,1.07,11.07
1957-10-06,1.01,11.01
1957-09-06,1.06,11.06
1957-08-06,1.14,11.14
1957-07-06,1.01,11.01
1957-06-06,1.16,11.16
1957-05-06,1.08,11.08
1957-04-06,0.96,10.96
1957-03-06,0.95,10.95
1957-02-06,0.95,10.95
1957-01-06,0.86,10.86
1956-12-06,0.9,10.9
1956-11-06,0.83,10.83
1956-10-06,0.76,10.76
1956-09-06,0.78,10.78
1956-08-06,0.75,10.75
1956-07-06,0.88,10.88
1956-06-06,0.85,10.85
1956-05-06,0.72,10.72
1956-04-06,0.74,10.74
1956-03-06,0.77,10.77
1956-02-06,0.75,10.75
1956-01-06,0.83,10.83
1955-12-06,0.68,10.68
1955-11-06,0.72,10.72
1955-10-06,0.95,10.95
1955-09-06,0.87,10.87
1955-08-06,1.04,11.04
1955-07-06,0.91,10.91
1955-06-06,0.92,10.92
1955-05-06,0.8,10.8
1955-04-06,0.77,10.77
1955-03-06,0.64,10.64
1955-02-06,0.79,10.79
1955-01-06,1.11,11.11
1954-12-06,0.82,10.82
1954-11-06,1.08,11.08
1954-10-06,0.99,10.99
1954-09-06,0.93,10.93
1954-08-06,0.87,10.87
1954-07-06,0.84,10.84
1954-06-06,0.84,10.84
1954-05-06,0.8,10.8
1954-04-06,0.82,10.82
1954-03-06,0.88,10.88
1954-02-06,0.9,10.9
1954-01-06,0.72,10.72
1953-12-06,1.03,11.03
1953-11-06,0.95,10.95
1953-10-06,1.05,11.05
1953-09-06,1.06,11.06
1953-08-06,1.08,11.08
1953-07-06,1.02,11.02
1953-06-06,1.08,11.08
1953-05-06,1.08,11.08
1953-04-06,1.2,11.2
1953-03-06,1.11,11.11
1953-02-06,1.16,11.16
1953-01-06,1.09,11.09
1952-12-06,0.98,10.98
1952-11-06,0.83,10.83
1952-10-06,0.96,10.96
1952-09-06,1.08,11.08
1952-08-06,1.07,11.07
1952-07-06,1.05,11.05
1952-06-06,0.96,10.96
1952-05-06,0.95,10.95
1952-04-06,1.02,11.02
1952-03-06,0.9,10.9
1952-02-06,1.12,11.12
1952-01-06,1.16,11.16
1951-12-06,1.15,11.15
1951-11-06,1,11
1951-10-06,1.06,11.06
1951-09-06,1.07,11.07
1951-08-06,1.05,11.05
1951-07-06,1,11
1951-06-06,0.95,10.95
1951-05-06,0.98,10.98
1951-04-06,0.9,10.9
1951-03-06,0.81,10.81
1951-02-06,0.56,10.56
1951-01-06,0.65,10.65
1950-12-06,0.8,10.8
1950-11-06,0.65,10.65
1950-10-06,0.8,10.8
1950-09-06,0.9,10.9
1950-08-06,0.82,10.82
1950-07-06,0.91,10.91
1950-06-06,0.94,10.94
1950-05-06,0.88,10.88
1950-04-06,0.79,10.79
1950-03-06,0.94,10.94
1950-02-06,0.74,10.74
1950-01-06,0.7,10.7
1949-12-06,0.81,10.81
1949-11-06,0.92,10.92
1949-10-06,0.97,10.97
1949-09-06,0.92,10.92
1949-08-06,0.92,10.92
1949-07-06,0.87,10.87
1949-06-06,0.78,10.78
1949-05-06,0.91,10.91
1949-04-06,0.93,10.93
1949-03-06,0.99,10.99
1949-02-06,0.84,10.84
1949-01-06,1.09,11.09
1948-12-06,0.77,10.77
1948-11-06,0.92,10.92
1948-10-06,0.93,10.93
1948-09-06,0.9,10.9
1948-08-06,0.9,10.9
1948-07-06,0.87,10.87
1948-06-06,0.95,10.95
1948-05-06,1.08,11.08
1948-04-06,0.91,10.91
1948-03-06,0.77,10.77
1948-02-06,0.87,10.87
1948-01-06,1.05,11.05
1947-12-06,0.82,10.82
1947-11-06,0.99,10.99
1947-10-06,1.06,11.06
1947-09-06,0.86,10.86
1947-08-06,0.92,10.92
1947-07-06,0.94,10.94
1947-06-06,1,11
1947-05-06,0.94,10.94
1947-04-06,1.04,11.04
1947-03-06,1.05,11.05
1947-02-06,0.92,10.92
1947-01-06,0.87,10.87
1946-12-06,0.71,10.71
1946-11-06,0.98,10.98
1946-10-06,0.94,10.94
1946-09-06,0.98,10.98
1946-08-06,0.92,10.92
1946-07-06,0.91,10.91
1946-06-06,0.83,10.83
1946-05-06,0.96,10.96
1946-04-06,1.11,11.11
1946-03-06,1,11
1946-02-06,1.06,11.06
1946-01-06,1.15,11.15
1945-12-06,0.9,10.9
1945-11-06,1.1,11.1
1945-10-06,1.22,11.22
1945-09-06,1.22,11.22
1945-08-06,1.25,11.25
1945-07-06,1.07,11.07
1945-06-06,1.02,11.02
1945-05-06,1.1,11.1
1945-04-06,1.24,11.24
1945-03-06,1.11,11.11
1945-02-06,1.02,11.02
1945-01-06,1.13,11.13
1944-12-06,1.05,11.05
1944-11-06,1.12,11.12
1944-10-06,1.27,11.27
1944-09-06,1.31,11.31
1944-08-06,1.23,11.23
1944-07-06,1.23,11.23
1944-06-06,1.22,11.22
1944-05-06,1.26,11.26
1944-04-06,1.27,11.27
1944-03-06,1.34,11.34
1944-02-06,1.31,11.31
1944-01-06,1.41,11.41
1943-12-06,1.28,11.28
1943-11-06,1.25,11.25
1943-10-06,1.3,11.3
1943-09-06,1.11,11.11
1943-08-06,1.03,11.03
1943-07-06,1.14,11.14
1943-06-06,0.99,10.99
1943-05-06,1.1,11.1
1943-04-06,1.13,11.13
1943-03-06,1.01,11.01
1943-02-06,1.22,11.22
1943-01-06,0.99,10.99
1942-12-06,1.12,11.12
1942-11-06,1.13,11.13
1942-10-06,1.06,11.06
1942-09-06,1,11
1942-08-06,0.97,10.97
1942-07-06,1.02,11.02
1942-06-06,1.11,11.11
1942-05-06,1.14,11.14
1942-04-06,1.14,11.14
1942-03-06,1.13,11.13
1942-02-06,1.05,11.05
1942-01-06,1.26,11.26
1941-12-06,1.14,11.14
1941-11-06,1.12,11.12
1941-10-06,1.24,11.24
1941-09-06,1.02,11.02
1941-08-06,1.14,11.14
1941-07-06,1.15,11.15
1941-06-06,1.04,11.04
1941-05-06,1.1,11.1
1941-04-06,1.11,11.11
1941-03-06,1.06,11.06
1941-02-06,1.23,11.23
1941-01-06,1.13,11.13
1940-12-06,1.19,11.19
1940-11-06,1.13,11.13
1940-10-06,1.07,11.07
1940-09-06,1.12,11.12
1940-08-06,1.01,11.01
1940-07-06,1.1,11.1
1940-06-06,1.05,11.05
1940-05-06,1.05,11.05
1940-04-06,1.16,11.16
1940-03-06,1.12,11.12
1940-02-06,1.06,11.06
1940-01-06,0.85,10.85
1939-12-06,1.4,11.4
1939-11-06,1.06,11.06
1939-10-06,0.97,10.97
1939-09-06,1,11
1939-08-06,0.95,10.95
1939-07-06,0.94,10.94
1939-06-06,0.92,10.92
1939-05-06,0.93,10.93
1939-04-06,0.88,10.88
1939-03-06,0.8,10.8
1939-02-06,0.88,10.88
1939-01-06,0.87,10.87
1938-12-06,0.74,10.74
1938-11-06,1.01,11.01
1938-10-06,1.11,11.11
1938-09-06,1.03,11.03
1938-08-06,0.96,10.96
1938-07-06,0.91,10.91
1938-06-06,0.83,10.83
1938-05-06,0.93,10.93
1938-04-06,1.05,11.05
1938-03-06,1.05,11.05
1938-02-06,0.96,10.96
1938-01-06,1,11
1937-12-06,0.88,10.88
1937-11-06,1.09,11.09
1937-10-06,1.1,11.1
1937-09-06,1.14,11.14
1937-08-06,1.03,11.03
1937-07-06,0.95,10.95
1937-06-06,0.92,10.92
1937-05-06,0.93,10.93
1937-04-06,0.83,10.83
1937-03-06,0.83,10.83
1937-02-06,1.05,11.05
1937-01-06,0.89,10.89
1936-12-06,0.96,10.96
1936-11-06,0.95,10.95
1936-10-06,0.96,10.96
1936-09-06,0.94,10.94
1936-08-06,0.88,10.88
1936-07-06,0.94,10.94
1936-06-06,0.81,10.81
1936-05-06,0.83,10.83
1936-04-06,0.8,10.8
1936-03-06,0.77,10.77
1936-02-06,0.61,10.61
1936-01-06,0.71,10.71
1935-12-06,0.78,10.78
1935-11-06,0.71,10.71
1935-10-06,0.92,10.92
1935-09-06,0.83,10.83
1935-08-06,0.83,10.83
1935-07-06,0.81,10.81
1935-06-06,0.77,10.77
1935-05-06,0.74,10.74
1935-04-06,0.65,10.65
1935-03-06,0.87,10.87
1935-02-06,1.11,11.11
1935-01-06,0.63,10.63
1934-12-06,0.91,10.91
1934-11-06,0.99,10.99
1934-10-06,0.89,10.89
1934-09-06,0.84,10.84
1934-08-06,0.9,10.9
1934-07-06,0.89,10.89
1934-06-06,0.86,10.86
1934-05-06,0.89,10.89
1934-04-06,0.73,10.73
1934-03-06,0.69,10.69
1934-02-06,0.96,10.96
1934-01-06,0.73,10.73
1933-12-06,0.53,10.53
1933-11-06,0.69,10.69
1933-10-06,0.76,10.76
1933-09-06,0.74,10.74
1933-08-06,0.77,10.77
1933-07-06,0.8,10.8
1933-06-06,0.68,10.68
1933-05-06,0.75,10.75
1933-04-06,0.77,10.77
1933-03-06,0.71,10.71
1933-02-06,0.68,10.68
1933-01-06,0.66,10.66
1932-12-06,0.78,10.78
1932-11-06,0.74,10.74
1932-10-06,0.9,10.9
1932-09-06,0.89,10.89
1932-08-06,0.76,10.76
1932-07-06,0.76,10.76
1932-06-06,0.7,10.7
1932-05-06,0.78,10.78
1932-04-06,0.93,10.93
1932-03-06,0.8,10.8
1932-02-06,0.82,10.82
1932-01-06,1.13,11.13
1931-12-06,0.9,10.9
1931-11-06,0.88,10.88
1931-10-06,1,11
1931-09-06,0.94,10.94
1931-08-06,1,11
1931-07-06,1.01,11.01
1931-06-06,0.94,10.94
1931-05-06,0.78,10.78
1931-04-06,0.79,10.79
1931-03-06,0.94,10.94
1931-02-06,0.78,10.78
1931-01-06,0.9,10.9
1930-12-06,0.91,10.91
1930-11-06,1.14,11.14
1930-10-06,0.92,10.92
1930-09-06,0.89,10.89
1930-08-06,0.89,10.89
1930-07-06,0.83,10.83
1930-06-06,0.81,10.81
1930-05-06,0.75,10.75
1930-04-06,0.74,10.74
1930-03-06,0.92,10.92
1930-02-06,0.76,10.76
1930-01-06,0.71,10.71
1929-12-06,0.45,10.45
1929-11-06,0.86,10.86
1929-10-06,0.85,10.85
1929-09-06,0.77,10.77
1929-08-06,0.71,10.71
1929-07-06,0.67,10.67
1929-06-06,0.57,10.57
1929-05-06,0.61,10.61
1929-04-06,0.6,10.6
1929-03-06,0.66,10.66
1929-02-06,0.39,10.39
1929-01-06,0.53,10.53
1928-12-06,0.8,10.8
1928-11-06,0.91,10.91
1928-10-06,0.81,10.81
1928-09-06,0.8,10.8
1928-08-06,0.75,10.75
1928-07-06,0.79,10.79
1928-06-06,0.59,10.59
1928-05-06,0.7,10.7
1928-04-06,0.71,10.71
1928-03-06,0.72,10.72
1928-02-06,0.88,10.88
1928-01-06,0.96,10.96
1927-12-06,0.64,10.64
1927-11-06,0.96,10.96
1927-10-06,0.99,10.99
1927-09-06,0.94,10.94
1927-08-06,0.81,10.81
1927-07-06,0.85,10.85
1927-06-06,0.73,10.73
1927-05-06,0.75,10.75
1927-04-06,0.69,10.69
1927-03-06,0.61,10.61
1927-02-06,0.79,10.79
1927-01-06,0.72,10.72
1926-12-06,0.7,10.7
1926-11-06,0.94,10.94
1926-10-06,0.89,10.89
1926-09-06,0.89,10.89
1926-08-06,0.89,10.89
1926-07-06,0.79,10.79
1926-06-06,0.75,10.75
1926-05-06,0.75,10.75
1926-04-06,0.85,10.85
1926-03-06,1.12,11.12
1926-02-06,1.07,11.07
1926-01-06,1.2,11.2
1925-12-06,1.11,11.11
1925-11-06,1.03,11.03
1925-10-06,0.83,10.83
1925-09-06,0.87,10.87
1925-08-06,0.81,10.81
1925-07-06,0.7,10.7
1925-06-06,0.66,10.66
1925-05-06,0.7,10.7
1925-04-06,0.75,10.75
1925-03-06,0.76,10.76
1925-02-06,0.65,10.65
1925-01-06,0.66,10.66
1924-12-06,0.57,10.57
1924-11-06,0.77,10.77
1924-10-06,0.64,10.64
1924-09-06,0.7,10.7
1924-08-06,0.65,10.65
1924-07-06,0.73,10.73
1924-06-06,0.72,10.72
1924-05-06,0.81,10.81
1924-04-06,0.65,10.65
1924-03-06,0.88,10.88
1924-02-06,0.73,10.73
1924-01-06,0.76,10.76
1923-12-06,0.94,10.94
1923-11-06,1.03,11.03
1923-10-06,0.87,10.87
1923-09-06,0.72,10.72
1923-08-06,0.7,10.7
1923-07-06,0.71,10.71
1923-06-06,0.76,10.76
1923-05-06,0.67,10.67
1923-04-06,0.62,10.62
1923-03-06,0.68,10.68
1923-02-06,0.63,10.63
1923-01-06,0.73,10.73
1922-12-06,0.83,10.83
1922-11-06,0.83,10.83
1922-10-06,0.67,10.67
1922-09-06,0.71,10.71
1922-08-06,0.69,10.69
1922-07-06,0.73,10.73
1922-06-06,0.68,10.68
1922-05-06,0.66,10.66
1922-04-06,0.78,10.78
1922-03-06,0.87,10.87
1922-02-06,0.56,10.56
1922-01-06,0.66,10.66
1921-12-06,0.82,10.82
1921-11-06,0.84,10.84
1921-10-06,0.94,10.94
1921-09-06,0.84,10.84
1921-08-06,0.76,10.76
1921-07-06,0.84,10.84
1921-06-06,0.69,10.69
1921-05-06,0.64,10.64
1921-04-06,0.64,10.64
1921-03-06,0.72,10.72
1921-02-06,0.79,10.79
1921-01-06,0.96,10.96
1920-12-06,0.53,10.53
1920-11-06,0.67,10.67
1920-10-06,0.71,10.71
1920-09-06,0.8,10.8
1920-08-06,0.71,10.71
1920-07-06,0.68,10.68
1920-06-06,0.67,10.67
1920-05-06,0.74,10.74
1920-04-06,0.74,10.74
1920-03-06,0.92,10.92
1920-02-06,0.78,10.78
1920-01-06,0.85,10.85
1919-12-06,0.65,10.65
1919-11-06,0.71,10.71
1919-10-06,0.84,10.84
1919-09-06,0.83,10.83
1919-08-06,0.81,10.81
1919-07-06,0.79,10.79
1919-06-06,0.72,10.72
1919-05-06,0.8,10.8
1919-04-06,0.83,10.83
1919-03-06,0.75,10.75
1919-02-06,0.81,10.81
1919-01-06,0.79,10.79
1918-12-06,0.7,10.7
1918-11-06,0.84,10.84
1918-10-06,0.97,10.97
1918-09-06,0.86,10.86
1918-08-06,0.74,10.74
1918-07-06,0.78,10.78
1918-06-06,0.72,10.72
1918-05-06,0.63,10.63
1918-04-06,0.6,10.6
1918-03-06,0.79,10.79
1918-02-06,0.67,10.67
1918-01-06,0.56,10.56
1917-12-06,0.29,10.29
1917-11-06,0.71,10.71
1917-10-06,0.65,10.65
1917-09-06,0.82,10.82
1917-08-06,0.74,10.74
1917-07-06,0.77,10.77
1917-06-06,0.6,10.6
1917-05-06,0.52,10.52
1917-04-06,0.62,10.62
1917-03-06,0.53,10.53
1917-02-06,0.47,10.47
1917-01-06,0.54,10.54
1916-12-06,0.22,10.22
1916-11-06,0.58,10.58
1916-10-06,0.72,10.72
1916-09-06,0.71,10.71
1916-08-06,0.73,10.73
1916-07-06,0.66,10.66
1916-06-06,0.56,10.56
1916-05-06,0.73,10.73
1916-04-06,0.75,10.75
1916-03-06,0.69,10.69
1916-02-06,0.77,10.77
1916-01-06,0.8,10.8
1915-12-06,0.75,10.75
1915-11-06,0.88,10.88
1915-10-06,0.78,10.78
1915-09-06,0.88,10.88
1915-08-06,0.85,10.85
1915-07-06,0.97,10.97
1915-06-06,0.84,10.84
1915-05-06,0.99,10.99
1915-04-06,1.07,11.07
1915-03-06,0.92,10.92
1915-02-06,0.99,10.99
1915-01-06,0.8,10.8
1914-12-06,0.9,10.9
1914-11-06,0.8,10.8
1914-10-06,0.95,10.95
1914-09-06,0.87,10.87
1914-08-06,0.85,10.85
1914-07-06,0.76,10.76
1914-06-06,0.78,10.78
1914-05-06,0.81,10.81
1914-04-06,0.72,10.72
1914-03-06,0.77,10.77
1914-02-06,0.87,10.87
1914-01-06,1.02,11.02
1913-12-06,0.96,10.96
1913-11-06,0.82,10.82
1913-10-06,0.66,10.66
1913-09-06,0.68,10.68
1913-08-06,0.68,10.68
1913-07-06,0.66,10.66
1913-06-06,0.54,10.54
1913-05-06,0.55,10.55
1913-04-06,0.64,10.64
1913-03-06,0.56,10.56
1913-02-06,0.56,10.56
1913-01-06,0.59,10.59
1912-12-06,0.58,10.58
1912-11-06,0.62,10.62
1912-10-06,0.45,10.45
1912-09-06,0.53,10.53
1912-08-06,0.49,10.49
1912-07-06,0.59,10.59
1912-06-06,0.74,10.74
1912-05-06,0.8,10.8
1912-04-06,0.8,10.8
1912-03-06,0.63,10.63
1912-02-06,0.87,10.87
1912-01-06,0.73,10.73
1911-12-06,0.75,10.75
1911-11-06,0.8,10.8
1911-10-06,0.74,10.74
1911-09-06,0.62,10.62
1911-08-06,0.57,10.57
1911-07-06,0.59,10.59
1911-06-06,0.53,10.53
1911-05-06,0.49,10.49
1911-04-06,0.45,10.45
1911-03-06,0.38,10.38
1911-02-06,0.4,10.4
1911-01-06,0.36,10.36
1910-12-06,0.31,10.31
1910-11-06,0.44,10.44
1910-10-06,0.61,10.61
1910-09-06,0.63,10.63
1910-08-06,0.66,10.66
1910-07-06,0.69,10.69
1910-06-06,0.64,10.64
1910-05-06,0.66,10.66
1910-04-06,0.61,10.61
1910-03-06,0.53,10.53
1910-02-06,0.57,10.57
1910-01-06,0.56,10.56
1909-12-06,0.45,10.45
1909-11-06,0.69,10.69
1909-10-06,0.61,10.61
1909-09-06,0.63,10.63
1909-08-06,0.7,10.7
1909-07-06,0.57,10.57
1909-06-06,0.48,10.48
1909-05-06,0.46,10.46
1909-04-06,0.41,10.41
1909-03-06,0.48,10.48
1909-02-06,0.53,10.53
1909-01-06,0.3,10.3
1908-12-06,0.5,10.5
1908-11-06,0.49,10.49
1908-10-06,0.57,10.57
1908-09-06,0.67,10.67
1908-08-06,0.55,10.55
1908-07-06,0.65,10.65
1908-06-06,0.61,10.61
1908-05-06,0.6,10.6
1908-04-06,0.54,10.54
1908-03-06,0.42,10.42
1908-02-06,0.64,10.64
1908-01-06,0.54,10.54
1907-12-06,0.5,10.5
1907-11-06,0.49,10.49
1907-10-06,0.76,10.76
1907-09-06,0.68,10.68
1907-08-06,0.63,10.63
1907-07-06,0.65,10.65
1907-06-06,0.57,10.57
1907-05-06,0.54,10.54
1907-04-06,0.6,10.6
1907-03-06,0.75,10.75
1907-02-06,0.47,10.47
1907-01-06,0.56,10.56
1906-12-06,0.82,10.82
1906-11-06,0.62,10.62
1906-10-06,0.8,10.8
1906-09-06,0.75,10.75
1906-08-06,0.81,10.81
1906-07-06,0.73,10.73
1906-06-06,0.78,10.78
1906-05-06,0.79,10.79
1906-04-06,0.98,10.98
1906-03-06,0.85,10.85
1906-02-06,0.66,10.66
1906-01-06,0.69,10.69
1905-12-06,0.79,10.79
1905-11-06,0.92,10.92
1905-10-06,0.77,10.77
1905-09-06,0.85,10.85
1905-08-06,0.79,10.79
1905-07-06,0.75,10.75
1905-06-06,0.69,10.69
1905-05-06,0.67,10.67
1905-04-06,0.64,10.64
1905-03-06,0.75,10.75
1905-02-06,0.41,10.41
1905-01-06,0.62,10.62
1904-12-06,0.71,10.71
1904-11-06,0.84,10.84
1904-10-06,0.65,10.65
1904-09-06,0.53,10.53
1904-08-06,0.57,10.57
1904-07-06,0.52,10.52
1904-06-06,0.51,10.51
1904-05-06,0.5,10.5
1904-04-06,0.5,10.5
1904-03-06,0.54,10.54
1904-02-06,0.45,10.45
1904-01-06,0.36,10.36
1903-12-06,0.53,10.53
1903-11-06,0.62,10.62
1903-10-06,0.58,10.58
1903-09-06,0.57,10.57
1903-08-06,0.56,10.56
1903-07-06,0.7,10.7
1903-06-06,0.56,10.56
1903-05-06,0.59,10.59
1903-04-06,0.61,10.61
1903-03-06,0.77,10.77
1903-02-06,0.94,10.94
1903-01-06,0.73,10.73
1902-12-06,0.54,10.54
1902-11-06,0.64,10.64
1902-10-06,0.73,10.73
1902-09-06,0.8,10.8
1902-08-06,0.72,10.72
1902-07-06,0.74,10.74
1902-06-06,0.66,10.66
1902-05-06,0.69,10.69
1902-04-06,0.73,10.73
1902-03-06,0.71,10.71
1902-02-06,0.97,10.97
1902-01-06,0.81,10.81
1901-12-06,0.7,10.7
1901-11-06,0.83,10.83
1901-10-06,0.71,10.71
1901-09-06,0.83,10.83
1901-08-06,0.87,10.87
1901-07-06,0.91,10.91
1901-06-06,0.9,10.9
1901-05-06,0.82,10.82
1901-04-06,0.94,10.94
1901-03-06,1.05,11.05
1901-02-06,0.95,10.95
1901-01-06,0.7,10.7
1900-12-06,0.86,10.86
1900-11-06,0.87,10.87
1900-10-06,1.08,11.08
1900-09-06,1.01,11.01
1900-08-06,0.96,10.96
1900-07-06,0.91,10.91
1900-06-06,0.85,10.85
1900-05-06,0.94,10.94
1900-04-06,0.86,10.86
1900-03-06,1.02,11.02
1900-02-06,0.92,10.92
1900-01-06,0.6,10.6
1899-12-06,0.73,10.73
1899-11-06,1.12,11.12
1899-10-06,1,11
1899-09-06,1,11
1899-08-06,0.96,10.96
1899-07-06,0.87,10.87
1899-06-06,0.74,10.74
1899-05-06,0.8,10.8
1899-04-06,0.79,10.79
1899-03-06,0.65,10.65
1899-02-06,0.61,10.61
1899-01-06,0.82,10.82
1898-12-06,0.78,10.78
1898-11-06,0.65,10.65
1898-10-06,0.68,10.68
1898-09-06,0.81,10.81
1898-08-06,0.78,10.78
1898-07-06,0.78,10.78
1898-06-06,0.8,10.8
1898-05-06,0.65,10.65
1898-04-06,0.67,10.67
1898-03-06,0.45,10.45
1898-02-06,0.66,10.66
1898-01-06,0.94,10.94
1897-12-06,0.74,10.74
1897-11-06,0.82,10.82
1897-10-06,0.9,10.9
1897-09-06,0.96,10.96
1897-08-06,0.97,10.97
1897-07-06,0.96,10.96
1897-06-06,0.88,10.88
1897-05-06,1,11
1897-04-06,0.99,10.99
1897-03-06,0.88,10.88
1897-02-06,0.81,10.81
1897-01-06,0.78,10.78
1896-12-06,0.88,10.88
1896-11-06,0.84,10.84
1896-10-06,1.04,11.04
1896-09-06,0.95,10.95
1896-08-06,0.91,10.91
1896-07-06,0.94,10.94
1896-06-06,0.87,10.87
1896-05-06,0.81,10.81
1896-04-06,0.67,10.67
1896-03-06,0.71,10.71
1896-02-06,0.85,10.85
1896-01-06,0.77,10.77
1895-12-06,0.88,10.88
1895-11-06,0.85,10.85
1895-10-06,0.89,10.89
1895-09-06,0.98,10.98
1895-08-06,0.84,10.84
1895-07-06,0.84,10.84
1895-06-06,0.75,10.75
1895-05-06,0.77,10.77
1895-04-06,0.77,10.77
1895-03-06,0.7,10.7
1895-02-06,0.58,10.58
1895-01-06,0.56,10.56
1894-12-06,0.78,10.78
1894-11-06,0.75,10.75
1894-10-06,0.83,10.83
1894-09-06,0.77,10.77
1894-08-06,0.71,10.71
1894-07-06,0.68,10.68
1894-06-06,0.57,10.57
1894-05-06,0.7,10.7
1894-04-06,0.59,10.59
1894-03-06,0.8,10.8
1894-02-06,0.69,10.69
1894-01-06,0.45,10.45
1893-12-06,0.62,10.62
1893-11-06,0.83,10.83
1893-10-06,0.84,10.84
1893-09-06,0.82,10.82
1893-08-06,0.76,10.76
1893-07-06,0.86,10.86
1893-06-06,0.76,10.76
1893-05-06,0.65,10.65
1893-04-06,0.68,10.68
1893-03-06,0.76,10.76
1893-02-06,0.49,10.49
1893-01-06,0.31,10.31
1892-12-06,0.71,10.71
1892-11-06,0.51,10.51
1892-10-06,0.83,10.83
1892-09-06,0.75,10.75
1892-08-06,0.8,10.8
1892-07-06,0.72,10.72
1892-06-06,0.8,10.8
1892-05-06,0.75,10.75
1892-04-06,0.65,10.65
1892-03-06,0.64,10.64
1892-02-06,0.85,10.85
1892-01-06,0.74,10.74
1891-12-06,0.97,10.97
1891-11-06,0.63,10.63
1891-10-06,0.76,10.76
1891-09-06,0.87,10.87
1891-08-06,0.79,10.79
1891-07-06,0.78,10.78
1891-06-06,0.78,10.78
1891-05-06,0.83,10.83
1891-04-06,0.75,10.75
1891-03-06,0.85,10.85
1891-02-06,0.51,10.51
1891-01-06,0.54,10.54
1890-12-06,0.7,10.7
1890-11-06,0.63,10.63
1890-10-06,0.77,10.77
1890-09-06,0.64,10.64
1890-08-06,0.64,10.64
1890-07-06,0.7,10.7
1890-06-06,0.73,10.73
1890-05-06,0.52,10.52
1890-04-06,0.62,10.62
1890-03-06,0.59,10.59
1890-02-06,0.52,10.52
1890-01-06,0.52,10.52
1889-12-06,0.69,10.69
1889-11-06,0.68,10.68
1889-10-06,0.78,10.78
1889-09-06,0.82,10.82
1889-08-06,0.82,10.82
1889-07-06,0.95,10.95
1889-06-06,0.88,10.88
1889-05-06,0.97,10.97
1889-04-06,1.04,11.04
1889-03-06,1.04,11.04
1889-02-06,1.14,11.14
1889-01-06,0.79,10.79
1888-12-06,0.88,10.88
1888-11-06,1,11
1888-10-06,1.01,11.01
1888-09-06,0.93,10.93
1888-08-06,0.89,10.89
1888-07-06,0.9,10.9
1888-06-06,0.8,10.8
1888-05-06,0.78,10.78
1888-04-06,0.72,10.72
1888-03-06,0.53,10.53
1888-02-06,0.57,10.57
1888-01-06,0.57,10.57
1887-12-06,0.62,10.62
1887-11-06,0.75,10.75
1887-10-06,0.68,10.68
1887-09-06,0.81,10.81
1887-08-06,0.72,10.72
1887-07-06,0.81,10.81
1887-06-06,0.79,10.79
1887-05-06,0.67,10.67
1887-04-06,0.63,10.63
1887-03-06,0.68,10.68
1887-02-06,0.52,10.52
1887-01-06,0.34,10.34
1886-12-06,0.75,10.75
1886-11-06,0.74,10.74
1886-10-06,0.75,10.75
1886-09-06,0.81,10.81
1886-08-06,0.69,10.69
1886-07-06,0.84,10.84
1886-06-06,0.61,10.61
1886-05-06,0.73,10.73
1886-04-06,0.71,10.71
1886-03-06,0.59,10.59
1886-02-06,0.54,10.54
1886-01-06,0.57,10.57
1885-12-06,0.93,10.93
1885-11-06,0.78,10.78
1885-10-06,0.8,10.8
1885-09-06,0.81,10.81
1885-08-06,0.73,10.73
1885-07-06,0.71,10.71
1885-06-06,0.5,10.5
1885-05-06,0.58,10.58
1885-04-06,0.55,10.55
1885-03-06,0.76,10.76
1885-02-06,0.7,10.7
1885-01-06,0.34,10.34
1884-12-06,0.7,10.7
1884-11-06,0.7,10.7
1884-10-06,0.78,10.78
1884-09-06,0.76,10.76
1884-08-06,0.73,10.73
1884-07-06,0.65,10.65
1884-06-06,0.62,10.62
1884-05-06,0.68,10.68
1884-04-06,0.64,10.64
1884-03-06,0.64,10.64
1884-02-06,0.87,10.87
1884-01-06,0.82,10.82
1883-12-06,0.81,10.81
1883-11-06,0.79,10.79
1883-10-06,0.88,10.88
1883-09-06,0.81,10.81
1883-08-06,0.86,10.86
1883-07-06,0.91,10.91
1883-06-06,0.87,10.87
1883-05-06,0.74,10.74
1883-04-06,0.75,10.75
1883-03-06,0.82,10.82
1883-02-06,0.58,10.58
1883-01-06,0.66,10.66
1882-12-06,0.75,10.75
1882-11-06,0.79,10.79
1882-10-06,0.77,10.77
1882-09-06,0.99,10.99
1882-08-06,1.03,11.03
1882-07-06,0.89,10.89
1882-06-06,0.75,10.75
1882-05-06,0.82,10.82
1882-04-06,0.8,10.8
1882-03-06,1.01,11.01
1882-02-06,1.08,11.08
1882-01-06,1.09,11.09
1881-12-06,0.84,10.84
1881-11-06,0.74,10.74
1881-10-06,0.8,10.8
1881-09-06,0.91,10.91
1881-08-06,0.97,10.97
1881-07-06,0.93,10.93
1881-06-06,0.72,10.72
1881-05-06,0.96,10.96
1881-04-06,0.97,10.97
1881-03-06,1.01,11.01
1881-02-06,0.86,10.86
1881-01-06,0.9,10.9
1880-12-06,0.78,10.78
1880-11-06,0.81,10.81
1880-10-06,0.84,10.84
1880-09-06,0.83,10.83
1880-08-06,0.92,10.92
1880-07-06,0.76,10.76
1880-06-06,0.71,10.71
1880-05-06,0.86,10.86
1880-04-06,0.73,10.73
1880-03-06,0.82,10.82
1880-02-06,0.79,10.79
1880-01-06,0.7,10.7
